<?xml version="1.0" encoding="UTF-8"?>
<feature
      id="org.eclipse.emf.search.doc"
      label="%featureName"
      version="0.7.0.v200806130939"
      provider-name="%providerName">

   <description url="http://www.eclipse.org/modeling/emft/?project=search#search">
      %description
   </description>

   <copyright url="http://www.anyware-technologies.com/copyright.html">
      %copyright
   </copyright>

   <license url="http://www.eclipse.org/legal/epl-v10.html">
      %license
   </license>

   <url>
      <update label="%EMFTUpdateSiteName" url="http://download.eclipse.org/technology/emft/updates/"/>
      <discovery label="EMFT Search" url="http://www.eclipse.org/modeling/emft/?project=search#search"/>
   </url>

   <requires>
      <import plugin="org.eclipse.ui"/>
      <import plugin="org.eclipse.core.runtime"/>
      <import plugin="org.eclipse.help"/>
   </requires>

   <plugin
         id="org.eclipse.emf.search.doc"
         download-size="0"
         install-size="0"
         version="0.7.0.v200806130939"
         unpack="false"/>

</feature>
