<?xml version="1.0" encoding="UTF-8"?>
<feature
      id="org.eclipse.emf.search.sdk"
      label="%featureName"
      version="0.7.0.v200806130939"
      provider-name="%providerName">

   <description url="http://www.eclipse.org/modeling/emft/?project=search#search">
      %description
   </description>

   <copyright url="http://www.anyware-technologies.com/copyright.html">
      %copyright
   </copyright>

   <license url="http://www.eclipse.org/legal/epl-v10.html">
      %license
   </license>

   <url>
      <update label="%EMFTUpdateSiteName" url="http://download.eclipse.org/technology/emft/updates/"/>
      <discovery label="%EMFTUpdateSiteName" url="http://download.eclipse.org/technology/emft/updates/"/>
   </url>

   <includes
         id="org.eclipse.emf.search.common"
         version="0.7.0.v200806130939"/>

   <includes
         id="org.eclipse.emf.search.doc"
         version="0.7.0.v200806130939"/>

   <includes
         id="org.eclipse.emf.search.ecore.ocl"
         version="0.7.0.v200806130939"/>

   <includes
         id="org.eclipse.emf.search.ocl"
         version="0.7.0.v200806130939"/>

   <includes
         id="org.eclipse.emf.search.ecore"
         version="0.7.0.v200806130939"/>

   <includes
         id="org.eclipse.emf.search.codegen"
         version="0.7.0.v200806130939"/>

   <includes
         id="org.eclipse.emf.search.runtime"
         version="0.7.0.v200806130939"/>

   <includes
         id="org.eclipse.emf.search.genmodel"
         version="0.7.0.v200806130939"/>

</feature>
