<?xml version="1.0" encoding="UTF-8"?>
<feature
      id="org.eclipse.emf.search.genmodel"
      label="%featureName"
      version="0.7.0.v200806130939"
      provider-name="%providerName">

   <description url="http://www.eclipse.org/modeling/emft/?project=search#search">
      %description
   </description>

   <copyright url="http://www.anyware-technologies.com/copyright.html">
      %copyright
   </copyright>

   <license url="http://www.eclipse.org/legal/epl-v10.html">
      %license
   </license>

   <url>
      <update label="%EMFTUpdateSiteName" url="http://download.eclipse.org/technology/emft/updates/"/>
      <discovery label="EMFT Search" url="http://www.eclipse.org/modeling/emft/?project=search#search"/>
   </url>

   <requires>
      <import plugin="org.eclipse.ui"/>
      <import plugin="org.eclipse.core.runtime"/>
      <import plugin="org.eclipse.emf.search"/>
      <import plugin="org.eclipse.emf.codegen.ecore"/>
      <import plugin="org.eclipse.emf.search.ecore"/>
      <import plugin="org.eclipse.emf.search.ui"/>
      <import plugin="org.eclipse.emf.codegen.ecore.ui"/>
      <import plugin="org.eclipse.emf.search.ecore.ui"/>
      <import plugin="org.eclipse.emf.codegen.ui" version="2.3.0" match="greaterOrEqual"/>
      <import plugin="org.eclipse.emf.search.codegen" version="0.7.0" match="greaterOrEqual"/>
      <import plugin="org.eclipse.jdt" version="3.3.0" match="greaterOrEqual"/>
      <import plugin="org.eclipse.jdt.core" version="3.4.0" match="greaterOrEqual"/>
      <import plugin="org.eclipse.jdt.ui" version="3.4.0" match="greaterOrEqual"/>
      <import plugin="org.eclipse.core.resources" version="3.4.0" match="greaterOrEqual"/>
   </requires>

   <plugin
         id="org.eclipse.emf.search.genmodel"
         download-size="0"
         install-size="0"
         version="0.7.0.v200806130939"
         unpack="false"/>

   <plugin
         id="org.eclipse.emf.search.genmodel.ui"
         download-size="0"
         install-size="0"
         version="0.7.0.v200806130939"
         unpack="false"/>

</feature>
