<?xml version="1.0" encoding="UTF-8"?>
<feature
      id="org.eclipse.emf.search.runtime"
      label="%featureName"
      version="0.7.0.v200806130939"
      provider-name="%providerName">

   <description url="http://www.eclipse.org/modeling/emft/?project=search#search">
      %description
   </description>

   <copyright url="http://www.anyware-technologies.com/copyright.html">
      %copyright
   </copyright>

   <license url="http://www.eclipse.org/legal/epl-v10.html">
      %license
   </license>

   <url>
      <update label="%EMFTUpdateSiteName" url="http://download.eclipse.org/technology/emft/updates/"/>
      <discovery label="%EMFTUpdateSiteName" url="http://download.eclipse.org/technology/emft/updates/"/>
   </url>

   <requires>
      <import plugin="org.eclipse.core.runtime"/>
      <import plugin="org.eclipse.jface"/>
      <import plugin="org.eclipse.search"/>
      <import plugin="org.eclipse.emf.ecore"/>
      <import plugin="org.eclipse.ui"/>
      <import plugin="org.eclipse.core.resources"/>
      <import plugin="org.eclipse.emf.ecore.edit"/>
      <import plugin="org.eclipse.ui.ide"/>
      <import plugin="org.eclipse.emf.edit.ui"/>
      <import plugin="org.eclipse.emf.ecore.xmi"/>
      <import plugin="org.eclipse.emf.transaction"/>
      <import plugin="org.eclipse.ltk.core.refactoring"/>
      <import plugin="org.eclipse.ltk.ui.refactoring"/>
   </requires>

   <plugin
         id="org.eclipse.emf.search"
         download-size="0"
         install-size="0"
         version="0.7.0.v200806130939"
         unpack="false"/>

   <plugin
         id="org.eclipse.emf.search.ui"
         download-size="0"
         install-size="0"
         version="0.7.0.v200806130939"
         unpack="false"/>

</feature>
