<?xml version="1.0" encoding="UTF-8"?>
<feature
      id="org.eclipse.emf.search.all.sdk"
      label="%featureName"
      version="0.7.0.v200806130939"
      provider-name="%providerName">

   <description url="http://www.eclipse.org/modeling/emft/?project=search#search">
      %description
   </description>

   <copyright url="http://www.anyware-technologies.com/copyright.html">
      %copyright
   </copyright>

   <license url="http://www.eclipse.org/legal/epl-v10.html">
      %license
   </license>

   <url>
      <update label="%EMFTUpdateSiteName" url="http://download.eclipse.org/technology/emft/updates/"/>
      <discovery label="EMFT Search" url="http://www.eclipse.org/modeling/emft/?project=search#search"/>
   </url>

   <includes
         id="org.eclipse.uml2.search"
         version="0.7.0.v200806130939"/>

   <includes
         id="org.eclipse.emf.search.sdk"
         version="0.7.0.v200806130939"/>

   <includes
         id="org.eclipse.emf.ecoretools.diagram.search"
         version="0.7.0.v200806130939"/>

   <includes
         id="org.eclipse.uml2.diagram.clazz.search"
         version="0.7.0.v200806130939"/>

   <includes
         id="org.eclipse.emf.search.examples"
         version="0.7.0.v200806130939"/>

</feature>
