<?xml version="1.0" encoding="UTF-8"?>
<!--
  Copyright (c) 2007, 2008 Anyware Technologies. All rights reserved. This program
  and the accompanying materials are made available under the terms of the
  Eclipse Public License v1.0 which accompanies this distribution, and is
  available at http://www.eclipse.org/legal/epl-v10.html
    
  Contributors: Lucas Bigeardel (Anyware Technologies) - initial API and
  implementation
-->
<feature
      id="org.eclipse.emf.search.codegen"
      label="%featureName"
      version="0.7.0.v200806130939"
      provider-name="%providerName">

   <description url="http://www.eclipse.org/modeling/emft/?project=search#search">
      %description
   </description>

   <copyright url="http://www.anyware-technologies.com/copyright.html">
      %copyright
   </copyright>

   <license url="http://www.eclipse.org/legal/epl-v10.html">
      %license
   </license>

   <url>
      <update label="%EMFTUpdateSiteName" url="http://download.eclipse.org/technology/emft/updates/"/>
      <discovery label="EMFT Search" url="http://www.eclipse.org/modeling/emft/?project=search#search"/>
   </url>

   <includes
         id="org.eclipse.emf.search.common"
         version="0.7.0.v200806130939"/>

   <includes
         id="org.eclipse.emf.search.genmodel"
         version="0.7.0.v200806130939"/>

   <requires>
      <import plugin="org.eclipse.ui"/>
      <import plugin="org.eclipse.core.runtime"/>
      <import plugin="org.eclipse.core.resources"/>
      <import plugin="org.eclipse.emf.codegen"/>
      <import plugin="org.eclipse.jdt.core"/>
      <import plugin="org.eclipse.jdt.launching"/>
      <import plugin="org.eclipse.jdt.ui"/>
      <import plugin="org.eclipse.jface.text"/>
      <import plugin="org.eclipse.emf.codegen.ecore"/>
      <import plugin="org.eclipse.emf.ecore"/>
      <import plugin="org.eclipse.ui.ide"/>
      <import plugin="org.eclipse.emf.search"/>
      <import plugin="org.eclipse.emf.search.ecore"/>
      <import plugin="org.eclipse.emf.ecore.edit"/>
      <import plugin="org.eclipse.emf.ecore.editor"/>
      <import plugin="org.eclipse.emf.ecore.xmi"/>
      <import plugin="org.eclipse.emf.search.ui"/>
      <import plugin="org.eclipse.emf.search.common.ui"/>
      <import plugin="org.eclipse.emf.search.common"/>
      <import plugin="org.eclipse.emf.search.genmodel"/>
      <import plugin="org.eclipse.emf.search.genmodel.ui"/>
      <import plugin="org.eclipse.emf.codegen.ui"/>
      <import plugin="org.eclipse.emf.codegen.ecore.ui"/>
   </requires>

   <plugin
         id="org.eclipse.emf.search.codegen"
         download-size="0"
         install-size="0"
         version="0.7.0.v200806130939"
         unpack="false"/>

</feature>
